{
    "root_group": {
        "name": "",
        "path": "",
        "id": "d41d8cd98f00b204e9800998ecf8427e",
        "groups": {},
        "checks": {
                "signup": {
                    "name": "signup",
                    "path": "::signup",
                    "id": "75bc7e704495d6aceb1d75eb785fd004",
                    "passes": 1556,
                    "fails": 0
                },
                "login": {
                    "fails": 0,
                    "name": "login",
                    "path": "::login",
                    "id": "a7d10b3a6c9a385ee254f0dbc7f9c8c9",
                    "passes": 1556
                },
                "session": {
                    "passes": 1556,
                    "fails": 0,
                    "name": "session",
                    "path": "::session",
                    "id": "bed312241476e669f5a5a51e45911896"
                }
            }
    },
    "metrics": {
        "http_req_sending": {
            "avg": 0.019221001285347036,
            "min": 0.004188,
            "med": 0.016837,
            "max": 0.335787,
            "p(90)": 0.027975100000000003,
            "p(95)": 0.036822899999999985
        },
        "iterations": {
            "count": 1556,
            "rate": 12.901490328442359
        },
        "http_req_failed": {
            "passes": 0,
            "fails": 4668,
            "thresholds": {
                "rate<0.05": false
            },
            "value": 0
        },
        "http_req_duration{expected_response:true}": {
            "p(95)": 99.92359685,
            "avg": 57.65410636118243,
            "min": 0.706385,
            "med": 79.1037195,
            "max": 134.888704,
            "p(90)": 95.2241621
        },
        "http_req_tls_handshaking": {
            "avg": 0,
            "min": 0,
            "med": 0,
            "max": 0,
            "p(90)": 0,
            "p(95)": 0
        },
        "vus": {
            "value": 1,
            "min": 1,
            "max": 20
        },
        "http_req_waiting": {
            "min": 0.640207,
            "med": 78.927006,
            "max": 134.690009,
            "p(90)": 95.0315467,
            "p(95)": 99.7538307,
            "avg": 57.484585222579256
        },
        "vus_max": {
            "min": 20,
            "max": 20,
            "value": 20
        },
        "http_reqs": {
            "rate": 38.70447098532708,
            "count": 4668
        },
        "iteration_duration": {
            "max": 1229.825059,
            "p(90)": 1194.1602149999999,
            "p(95)": 1198.45632,
            "avg": 1173.9958058489713,
            "min": 1131.539812,
            "med": 1178.1580749999998
        },
        "http_req_connecting": {
            "max": 1.009246,
            "p(90)": 0,
            "p(95)": 0,
            "avg": 0.0020693091259640097,
            "min": 0,
            "med": 0
        },
        "data_received": {
            "count": 3218163,
            "rate": 26683.22546262921
        },
        "http_req_blocked": {
            "max": 1.199032,
            "p(90)": 0.0069202000000000005,
            "p(95)": 0.009914199999999982,
            "avg": 0.007913380462724945,
            "min": 0.000963,
            "med": 0.0044185000000000006
        },
        "checks": {
            "passes": 4668,
            "fails": 0,
            "value": 1
        },
        "http_req_duration": {
            "p(95)": 99.92359685,
            "avg": 57.65410636118243,
            "min": 0.706385,
            "med": 79.1037195,
            "max": 134.888704,
            "p(90)": 95.2241621,
            "thresholds": {
                "p(95)<2000": false
            }
        },
        "http_req_receiving": {
            "avg": 0.15030013731790925,
            "min": 0.02969,
            "med": 0.1480885,
            "max": 1.744703,
            "p(90)": 0.20615640000000002,
            "p(95)": 0.22695115
        },
        "data_sent": {
            "count": 1157632,
            "rate": 9598.443478081866
        }
    }
}