{
    "root_group": {
        "name": "",
        "path": "",
        "id": "d41d8cd98f00b204e9800998ecf8427e",
        "groups": {
            "zones": {
                "groups": {},
                "checks": {
                        "list zones": {
                            "fails": 0,
                            "name": "list zones",
                            "path": "::zones::list zones",
                            "id": "8bcfc9da2da2ca402dbc44590cc36bd9",
                            "passes": 752
                        },
                        "create zone": {
                            "id": "b3c4d70c5fcaa7bd6870e36a352661f9",
                            "passes": 752,
                            "fails": 0,
                            "name": "create zone",
                            "path": "::zones::create zone"
                        }
                    },
                "name": "zones",
                "path": "::zones",
                "id": "5770d065d792ee3fa2d223195d546bbe"
            }
        },
        "checks": {}
    },
    "metrics": {
        "data_received": {
            "count": 1506172351,
            "rate": 12478090.414929442
        },
        "http_req_duration{expected_response:true}": {
            "med": 1219.842714,
            "max": 4853.944499,
            "p(90)": 2626.9677451000002,
            "p(95)": 2891.2850832500003,
            "avg": 1296.6381130585125,
            "min": 5.463471
        },
        "data_sent": {
            "rate": 6896.21425821235,
            "count": 832410
        },
        "iterations": {
            "count": 752,
            "rate": 6.230046638286045
        },
        "http_req_blocked": {
            "avg": 0.014239109042553145,
            "min": 0.001834,
            "med": 0.006996499999999999,
            "max": 1.911285,
            "p(90)": 0.009404200000000001,
            "p(95)": 0.010449950000000005
        },
        "http_req_connecting": {
            "avg": 0.004899000997340426,
            "min": 0,
            "med": 0,
            "max": 1.549325,
            "p(90)": 0,
            "p(95)": 0
        },
        "iteration_duration": {
            "max": 10386.119065,
            "p(90)": 8538.2692258,
            "p(95)": 9064.145468499997,
            "avg": 6188.193418747345,
            "min": 1388.981878,
            "med": 6866.826617000001
        },
        "http_req_waiting": {
            "p(95)": 2884.3010598,
            "avg": 1291.9308082064488,
            "min": 5.345003,
            "med": 1217.4146605,
            "max": 4853.660761,
            "p(90)": 2624.0740195000003
        },
        "http_req_receiving": {
            "min": 0.036327,
            "med": 0.2623535,
            "max": 63.250471,
            "p(90)": 17.0072622,
            "p(95)": 19.055022300000005,
            "avg": 4.670741187832454
        },
        "http_req_tls_handshaking": {
            "avg": 0,
            "min": 0,
            "med": 0,
            "max": 0,
            "p(90)": 0,
            "p(95)": 0
        },
        "http_req_failed": {
            "passes": 0,
            "fails": 3008,
            "thresholds": {
                "rate<0.01": false
            },
            "value": 0
        },
        "vus": {
            "value": 1,
            "min": 1,
            "max": 50
        },
        "http_reqs": {
            "rate": 24.92018655314418,
            "count": 3008
        },
        "vus_max": {
            "value": 50,
            "min": 50,
            "max": 50
        },
        "http_req_sending": {
            "avg": 0.036563664228723355,
            "min": 0.006165,
            "med": 0.027814,
            "max": 1.41933,
            "p(90)": 0.055085300000000025,
            "p(95)": 0.11292950000000002
        },
        "http_req_duration": {
            "p(90)": 2626.9677451000002,
            "p(95)": 2891.2850832500003,
            "avg": 1296.6381130585125,
            "min": 5.463471,
            "med": 1219.842714,
            "max": 4853.944499,
            "thresholds": {
                "p(95)<1000": true
            }
        },
        "checks": {
            "passes": 1504,
            "fails": 0,
            "value": 1
        },
        "group_duration": {
            "avg": 5187.46270913298,
            "min": 388.368365,
            "med": 5865.970112,
            "max": 9385.019286,
            "p(90)": 7537.755312799999,
            "p(95)": 8063.623681399997
        }
    }
}