{
    "root_group": {
        "id": "d41d8cd98f00b204e9800998ecf8427e",
        "groups": {
            "zones": {
                "groups": {},
                "checks": {
                        "list zones": {
                            "name": "list zones",
                            "path": "::zones::list zones",
                            "id": "8bcfc9da2da2ca402dbc44590cc36bd9",
                            "passes": 0,
                            "fails": 1667
                        },
                        "create zone": {
                            "path": "::zones::create zone",
                            "id": "b3c4d70c5fcaa7bd6870e36a352661f9",
                            "passes": 0,
                            "fails": 1667,
                            "name": "create zone"
                        }
                    },
                "name": "zones",
                "path": "::zones",
                "id": "5770d065d792ee3fa2d223195d546bbe"
            }
        },
        "checks": {},
        "name": "",
        "path": ""
    },
    "metrics": {
        "http_req_waiting": {
            "max": 5837.738952,
            "p(90)": 1166.2913295,
            "p(95)": 1247.2613646,
            "avg": 434.2757948077372,
            "min": 0.230603,
            "med": 52.983200000000004
        },
        "vus_max": {
            "min": 50,
            "max": 50,
            "value": 50
        },
        "http_req_connecting": {
            "med": 0,
            "max": 0.545151,
            "p(90)": 0,
            "p(95)": 0,
            "avg": 0.0017461367726454705,
            "min": 0
        },
        "group_duration": {
            "avg": 1738.1443301745658,
            "min": 155.159585,
            "med": 2065.857659,
            "max": 7062.152719,
            "p(90)": 2430.9394702000004,
            "p(95)": 2526.5599166999996
        },
        "data_received": {
            "count": 3975344,
            "rate": 32955.39088337299
        },
        "http_reqs": {
            "count": 6668,
            "rate": 55.27736628838437
        },
        "iteration_duration": {
            "avg": 2738.7673304613118,
            "min": 1155.401371,
            "med": 3066.020691,
            "max": 8062.435303,
            "p(90)": 3432.1533566000003,
            "p(95)": 3527.2854847
        },
        "vus": {
            "value": 1,
            "min": 1,
            "max": 50
        },
        "http_req_failed": {
            "passes": 3334,
            "fails": 3334,
            "thresholds": {
                "rate<0.01": true
            },
            "value": 0.5
        },
        "http_req_blocked": {
            "avg": 0.008361901469706041,
            "min": 0.000885,
            "med": 0.005320500000000001,
            "max": 0.970738,
            "p(90)": 0.008076,
            "p(95)": 0.009535849999999997
        },
        "http_req_duration": {
            "med": 53.13718,
            "max": 5837.847668,
            "p(90)": 1166.3794176000001,
            "p(95)": 1247.37801395,
            "avg": 434.37350950134913,
            "min": 0.24702,
            "thresholds": {
                "p(95)<1000": true
            }
        },
        "http_req_receiving": {
            "avg": 0.0748329359628075,
            "min": 0.010929,
            "med": 0.0670505,
            "max": 2.465928,
            "p(90)": 0.10493150000000001,
            "p(95)": 0.12250149999999994
        },
        "data_sent": {
            "count": 2121927,
            "rate": 17590.662269977893
        },
        "checks": {
            "passes": 0,
            "fails": 3334,
            "value": 0
        },
        "http_req_duration{expected_response:true}": {
            "med": 996.394528,
            "max": 5837.847668,
            "p(90)": 1247.3910791,
            "p(95)": 1304.9840490999998,
            "avg": 866.091677470605,
            "min": 69.457981
        },
        "http_req_sending": {
            "avg": 0.022881757648470214,
            "min": 0.003536,
            "med": 0.020629500000000002,
            "max": 1.116932,
            "p(90)": 0.031989,
            "p(95)": 0.03790914999999998
        },
        "iterations": {
            "rate": 13.819341572096093,
            "count": 1667
        },
        "http_req_tls_handshaking": {
            "avg": 0,
            "min": 0,
            "med": 0,
            "max": 0,
            "p(90)": 0,
            "p(95)": 0
        }
    }
}