{
    "metrics": {
        "group_duration": {
            "avg": 2.405419224977856,
            "min": 0.558608,
            "med": 2.2714895,
            "max": 8.933131,
            "p(90)": 3.822415,
            "p(95)": 4.2372102499999995
        },
        "http_req_duration": {
            "p(95)": 2.1121686,
            "avg": 1.1490446998650814,
            "min": 0.18872,
            "med": 1.062663,
            "max": 108.927102,
            "p(90)": 1.8618692000000001,
            "thresholds": {
                "p(95)<2000": false
            }
        },
        "vus": {
            "value": 1,
            "min": 1,
            "max": 30
        },
        "http_req_blocked": {
            "p(95)": 0.0152118,
            "avg": 0.00981443848889973,
            "min": 0.001274,
            "med": 0.007133,
            "max": 0.830217,
            "p(90)": 0.0129212
        },
        "checks": {
            "passes": 0,
            "fails": 8151,
            "value": 0
        },
        "data_sent": {
            "count": 924269,
            "rate": 5115.545335175304
        },
        "http_req_duration{expected_response:true}": {
            "avg": 108.927102,
            "min": 108.927102,
            "med": 108.927102,
            "max": 108.927102,
            "p(90)": 108.927102,
            "p(95)": 108.927102
        },
        "data_received": {
            "count": 3816817,
            "rate": 21124.911037336315
        },
        "vus_max": {
            "value": 30,
            "min": 30,
            "max": 30
        },
        "iterations": {
            "rate": 24.994674422329076,
            "count": 4516
        },
        "http_req_tls_handshaking": {
            "max": 0,
            "p(90)": 0,
            "p(95)": 0,
            "avg": 0,
            "min": 0,
            "med": 0
        },
        "http_req_receiving": {
            "p(90)": 0.1324512,
            "p(95)": 0.15064039999999998,
            "avg": 0.08224619649208911,
            "min": 0.010927,
            "med": 0.075878,
            "max": 1.00505
        },
        "http_reqs": {
            "count": 8153,
            "rate": 45.124353535263275
        },
        "http_req_connecting": {
            "max": 0.582955,
            "p(90)": 0,
            "p(95)": 0,
            "avg": 0.0012687284435177234,
            "min": 0,
            "med": 0
        },
        "http_req_waiting": {
            "min": 0.174499,
            "med": 0.957898,
            "max": 108.672639,
            "p(90)": 1.690278,
            "p(95)": 1.9156103999999996,
            "avg": 1.0397662220041686
        },
        "http_req_sending": {
            "max": 1.116129,
            "p(90)": 0.046383,
            "p(95)": 0.05500539999999999,
            "avg": 0.027032281368821215,
            "min": 0.003072,
            "med": 0.023069
        },
        "iteration_duration": {
            "min": 1000.837564,
            "med": 1002.966267,
            "max": 1009.798218,
            "p(90)": 1004.599452,
            "p(95)": 1005.054932,
            "avg": 1003.102370516828
        },
        "http_req_failed": {
            "fails": 1,
            "passes": 8152,
            "thresholds": {
                "rate<0.02": true
            },
            "value": 0.999877345762296
        }
    },
    "setup_data": {
        "Cookie": ""
    },
    "root_group": {
        "path": "",
        "id": "d41d8cd98f00b204e9800998ecf8427e",
        "groups": {
            "mix": {
                "checks": {
                    "write": {
                        "path": "::mix::write",
                        "id": "2994c858e319b8bcebfab6c45a7a73f9",
                        "passes": 0,
                        "fails": 881,
                        "name": "write"
                    },
                    "read zones": {
                        "name": "read zones",
                        "path": "::mix::read zones",
                        "id": "9ce67a52ca99737a9d2acc449f4ef7ca",
                        "passes": 0,
                        "fails": 3635
                    },
                    "read reports": {
                        "name": "read reports",
                        "path": "::mix::read reports",
                        "id": "9e83524de232cd2bddb38e5a535248bd",
                        "passes": 0,
                        "fails": 3635
                    }
                },
                "name": "mix",
                "path": "::mix",
                "id": "20cad12a3a3e475dbe3c5e646f5c769f",
                "groups": {}
            }
        },
        "checks": {},
        "name": ""
    }
}