{
    "metrics": {
        "data_received": {
            "count": 4168518,
            "rate": 34675.81871802492
        },
        "http_req_connecting": {
            "med": 0,
            "max": 0.662156,
            "p(90)": 0,
            "p(95)": 0,
            "avg": 0.0017480164473684212,
            "min": 0
        },
        "http_req_duration{expected_response:true}": {
            "avg": 801.6801318795767,
            "min": 69.239008,
            "med": 906.2648485,
            "max": 4493.713727,
            "p(90)": 1166.9481615,
            "p(95)": 1219.8389055
        },
        "http_req_blocked": {
            "avg": 0.00784445351830662,
            "min": 0.001054,
            "med": 0.0049785,
            "max": 1.223126,
            "p(90)": 0.0076909000000000005,
            "p(95)": 0.009197599999999998
        },
        "http_req_failed": {
            "passes": 3496,
            "fails": 3496,
            "thresholds": {
                "rate<0.01": true
            },
            "value": 0.5
        },
        "data_sent": {
            "count": 2224789,
            "rate": 18506.908222504007
        },
        "http_req_duration": {
            "avg": 402.06921491690446,
            "min": 0.414708,
            "med": 48.705564499999994,
            "max": 4493.713727,
            "p(90)": 1090.2168680999998,
            "p(95)": 1166.94754075,
            "thresholds": {
                "p(95)<1000": true
            }
        },
        "http_req_receiving": {
            "p(90)": 0.09625890000000001,
            "p(95)": 0.11003614999999996,
            "avg": 0.06668349041762026,
            "min": 0.011887,
            "med": 0.058682,
            "max": 2.338591
        },
        "http_reqs": {
            "count": 6992,
            "rate": 58.16295491021756
        },
        "http_req_sending": {
            "p(95)": 0.03572744999999999,
            "avg": 0.021135644021739154,
            "min": 0.003647,
            "med": 0.0192295,
            "max": 1.715112,
            "p(90)": 0.02983310000000001
        },
        "http_req_waiting": {
            "avg": 401.9813957824671,
            "min": 0.369204,
            "med": 48.61459000000001,
            "max": 4493.612896,
            "p(90)": 1090.1537448,
            "p(95)": 1166.8346927
        },
        "iteration_duration": {
            "avg": 2609.4631479393574,
            "min": 1157.274252,
            "med": 2898.416164,
            "max": 6545.512499,
            "p(90)": 3227.245429,
            "p(95)": 3289.2730588
        },
        "iterations": {
            "rate": 14.54073872755439,
            "count": 1748
        },
        "http_req_tls_handshaking": {
            "min": 0,
            "med": 0,
            "max": 0,
            "p(90)": 0,
            "p(95)": 0,
            "avg": 0
        },
        "checks": {
            "passes": 0,
            "fails": 3496,
            "value": 0
        },
        "vus": {
            "value": 2,
            "min": 2,
            "max": 50
        },
        "group_duration": {
            "p(90)": 2226.8791351,
            "p(95)": 2288.6920536,
            "avg": 1608.862745883294,
            "min": 156.554188,
            "med": 1897.464432,
            "max": 5545.151799
        },
        "vus_max": {
            "value": 50,
            "min": 50,
            "max": 50
        }
    },
    "root_group": {
        "name": "",
        "path": "",
        "id": "d41d8cd98f00b204e9800998ecf8427e",
        "groups": {
            "zones": {
                "name": "zones",
                "path": "::zones",
                "id": "5770d065d792ee3fa2d223195d546bbe",
                "groups": {},
                "checks": {
                        "list zones": {
                            "path": "::zones::list zones",
                            "id": "8bcfc9da2da2ca402dbc44590cc36bd9",
                            "passes": 0,
                            "fails": 1748,
                            "name": "list zones"
                        },
                        "create zone": {
                            "passes": 0,
                            "fails": 1748,
                            "name": "create zone",
                            "path": "::zones::create zone",
                            "id": "b3c4d70c5fcaa7bd6870e36a352661f9"
                        }
                    }
            }
        },
        "checks": {}
    }
}