{
    "root_group": {
        "name": "",
        "path": "",
        "id": "d41d8cd98f00b204e9800998ecf8427e",
        "groups": {
            "mixed": {
                "name": "mixed",
                "path": "::mixed",
                "id": "6c062c1d35030ad0930423ea69bf8997",
                "groups": {},
                "checks": {
                        "read zones": {
                            "passes": 1714,
                            "fails": 0,
                            "name": "read zones",
                            "path": "::mixed::read zones",
                            "id": "83eca54c68738fa5b2da63591126be16"
                        },
                        "read reports": {
                            "name": "read reports",
                            "path": "::mixed::read reports",
                            "id": "5f107f0af689f59db64695fed37285e4",
                            "passes": 1714,
                            "fails": 0
                        },
                        "write": {
                            "name": "write",
                            "path": "::mixed::write",
                            "id": "879f2d12201329d59717c0e34d6823e6",
                            "passes": 1714,
                            "fails": 0
                        }
                    }
            }
        },
        "checks": {}
    },
    "metrics": {
        "http_req_failed": {
            "passes": 0,
            "fails": 8570,
            "thresholds": {
                "rate<0.02": false
            },
            "value": 0
        },
        "iteration_duration": {
            "min": 1178.587488,
            "med": 3112.0170335000003,
            "max": 5593.837086,
            "p(90)": 3873.1035601999997,
            "p(95)": 3995.2233171999997,
            "avg": 2913.9697934013993
        },
        "http_req_duration{expected_response:true}": {
            "p(90)": 934.5414914000002,
            "p(95)": 1074.1565810999998,
            "avg": 382.5423620193694,
            "min": 2.532805,
            "med": 208.495516,
            "max": 3144.131882
        },
        "data_sent": {
            "count": 2545303,
            "rate": 12065.77779533451
        },
        "http_req_tls_handshaking": {
            "med": 0,
            "max": 0,
            "p(90)": 0,
            "p(95)": 0,
            "avg": 0,
            "min": 0
        },
        "http_req_duration": {
            "max": 3144.131882,
            "p(90)": 934.5414914000002,
            "p(95)": 1074.1565810999998,
            "avg": 382.5423620193694,
            "min": 2.532805,
            "med": 208.495516,
            "thresholds": {
                "p(95)<1500": false
            }
        },
        "vus": {
            "value": 1,
            "min": 1,
            "max": 30
        },
        "http_req_connecting": {
            "min": 0,
            "med": 0,
            "max": 0.388718,
            "p(90)": 0,
            "p(95)": 0,
            "avg": 0.0007197061843640606
        },
        "vus_max": {
            "value": 30,
            "min": 30,
            "max": 30
        },
        "iterations": {
            "count": 1714,
            "rate": 8.125061393949306
        },
        "http_req_sending": {
            "avg": 0.019613521353558896,
            "min": 0.002887,
            "med": 0.016454999999999997,
            "max": 7.271244,
            "p(90)": 0.028565300000000002,
            "p(95)": 0.03489765
        },
        "http_req_waiting": {
            "max": 3144.08535,
            "p(90)": 934.4741662000001,
            "p(95)": 1074.07774605,
            "avg": 382.3436290744461,
            "min": 2.461135,
            "med": 208.3688665
        },
        "data_received": {
            "count": 1157548159,
            "rate": 5487251.959351221
        },
        "http_reqs": {
            "count": 8570,
            "rate": 40.625306969746525
        },
        "http_req_receiving": {
            "p(95)": 0.8103342499999999,
            "avg": 0.17911942357059535,
            "min": 0.009907,
            "med": 0.0635465,
            "max": 6.231091,
            "p(90)": 0.5304492000000001
        },
        "checks": {
            "passes": 5142,
            "fails": 0,
            "value": 1
        },
        "group_duration": {
            "avg": 1913.4146375950963,
            "min": 177.83505,
            "med": 2111.7984595,
            "max": 4593.299484,
            "p(90)": 2872.2835888,
            "p(95)": 2994.96296025
        },
        "http_req_blocked": {
            "avg": 0.00617957712952159,
            "min": 0.000663,
            "med": 0.0046075000000000005,
            "max": 1.097938,
            "p(90)": 0.007415600000000002,
            "p(95)": 0.008877649999999997
        }
    }
}