{
    "root_group": {
        "groups": {},
        "checks": {
                "signup": {
                    "fails": 0,
                    "name": "signup",
                    "path": "::signup",
                    "id": "75bc7e704495d6aceb1d75eb785fd004",
                    "passes": 1345
                },
                "login": {
                    "fails": 1345,
                    "name": "login",
                    "path": "::login",
                    "id": "a7d10b3a6c9a385ee254f0dbc7f9c8c9",
                    "passes": 0
                },
                "session": {
                    "name": "session",
                    "path": "::session",
                    "id": "bed312241476e669f5a5a51e45911896",
                    "passes": 1345,
                    "fails": 0
                }
            },
        "name": "",
        "path": "",
        "id": "d41d8cd98f00b204e9800998ecf8427e"
    },
    "metrics": {
        "http_req_sending": {
            "med": 0.0139,
            "max": 1.493624,
            "p(90)": 0.03388859999999999,
            "p(95)": 0.045688699999999825,
            "avg": 0.01977650532837679,
            "min": 0.002784
        },
        "checks": {
            "passes": 2690,
            "fails": 1345,
            "value": 0.6666666666666666
        },
        "vus_max": {
            "value": 20,
            "min": 20,
            "max": 20
        },
        "http_req_blocked": {
            "avg": 0.006655261462205678,
            "min": 0.000595,
            "med": 0.003837,
            "max": 0.777485,
            "p(90)": 0.0086146,
            "p(95)": 0.011013399999999991
        },
        "data_sent": {
            "count": 1082905,
            "rate": 9019.827642223268
        },
        "http_req_connecting": {
            "avg": 0.0013546825278810406,
            "min": 0,
            "med": 0,
            "max": 0.60288,
            "p(90)": 0,
            "p(95)": 0
        },
        "data_received": {
            "rate": 20854.58814619822,
            "count": 2503766
        },
        "http_req_duration": {
            "avg": 119.05957711524192,
            "min": 0.831488,
            "med": 18.427109,
            "max": 587.934892,
            "p(90)": 433.3661608,
            "p(95)": 445.06792959999996,
            "thresholds": {
                "p(95)<2000": false
            }
        },
        "http_req_failed": {
            "passes": 1345,
            "fails": 2690,
            "thresholds": {
                "rate<0.05": true
            },
            "value": 0.3333333333333333
        },
        "http_req_waiting": {
            "avg": 118.98882789789343,
            "min": 0.787325,
            "med": 18.389913,
            "max": 587.842421,
            "p(90)": 433.3134904,
            "p(95)": 445.0160639
        },
        "vus": {
            "value": 1,
            "min": 1,
            "max": 20
        },
        "http_req_duration{expected_response:true}": {
            "min": 1.982711,
            "med": 82.23597050000001,
            "max": 587.934892,
            "p(90)": 440.1949515,
            "p(95)": 460.81638854999994,
            "avg": 175.15516490631992
        },
        "http_reqs": {
            "count": 4035,
            "rate": 33.60867715669508
        },
        "iterations": {
            "count": 1345,
            "rate": 11.202892385565027
        },
        "http_req_tls_handshaking": {
            "p(95)": 0,
            "avg": 0,
            "min": 0,
            "med": 0,
            "max": 0,
            "p(90)": 0
        },
        "iteration_duration": {
            "p(95)": 1488.3812222000001,
            "avg": 1358.0736062111557,
            "min": 1086.498482,
            "med": 1453.710713,
            "max": 1592.931006,
            "p(90)": 1483.8953518
        },
        "http_req_receiving": {
            "avg": 0.05097271201982643,
            "min": 0.00815,
            "med": 0.045455,
            "max": 1.37171,
            "p(90)": 0.0793068,
            "p(95)": 0.09332209999999999
        }
    }
}