{
    "root_group": {
        "name": "",
        "path": "",
        "id": "d41d8cd98f00b204e9800998ecf8427e",
        "groups": {
            "zones": {
                "checks": {
                    "list zones": {
                        "path": "::zones::list zones",
                        "id": "8bcfc9da2da2ca402dbc44590cc36bd9",
                        "passes": 1336,
                        "fails": 0,
                        "name": "list zones"
                    },
                    "create zone": {
                        "fails": 0,
                        "name": "create zone",
                        "path": "::zones::create zone",
                        "id": "b3c4d70c5fcaa7bd6870e36a352661f9",
                        "passes": 1336
                    }
                },
                "name": "zones",
                "path": "::zones",
                "id": "5770d065d792ee3fa2d223195d546bbe",
                "groups": {}
            }
        },
        "checks": {}
    },
    "metrics": {
        "vus": {
            "value": 2,
            "min": 2,
            "max": 50
        },
        "http_reqs": {
            "count": 5344,
            "rate": 44.41252669843678
        },
        "http_req_blocked": {
            "p(95)": 0.010019849999999999,
            "avg": 0.008477698727544905,
            "min": 0.000845,
            "med": 0.0046055,
            "max": 0.852171,
            "p(90)": 0.007795099999999999
        },
        "http_req_tls_handshaking": {
            "p(95)": 0,
            "avg": 0,
            "min": 0,
            "med": 0,
            "max": 0,
            "p(90)": 0
        },
        "http_req_duration": {
            "avg": 606.1208244767963,
            "min": 2.83053,
            "med": 281.8308965,
            "max": 3658.933571,
            "p(90)": 1500.8574001,
            "p(95)": 1686.6146908499998,
            "thresholds": {
                "p(95)<1000": true
            }
        },
        "http_req_duration{expected_response:true}": {
            "p(95)": 1686.6146908499998,
            "avg": 606.1208244767963,
            "min": 2.83053,
            "med": 281.8308965,
            "max": 3658.933571,
            "p(90)": 1500.8574001
        },
        "iteration_duration": {
            "min": 1169.18157,
            "med": 4084.3568290000003,
            "max": 5792.431147,
            "p(90)": 4649.7648805,
            "p(95)": 5034.0724575,
            "avg": 3425.6681642462554
        },
        "http_req_receiving": {
            "max": 3.105098,
            "p(90)": 0.22449509999999992,
            "p(95)": 0.3114494499999998,
            "avg": 0.10262874008233556,
            "min": 0.010122,
            "med": 0.0631945
        },
        "group_duration": {
            "p(95)": 4030.32579025,
            "avg": 2425.064238767964,
            "min": 168.046945,
            "med": 3083.8228525,
            "max": 4791.819951,
            "p(90)": 3649.231841
        },
        "data_received": {
            "count": 272291651,
            "rate": 2262941.657896506
        },
        "http_req_connecting": {
            "p(95)": 0,
            "avg": 0.0025617144461077854,
            "min": 0,
            "med": 0,
            "max": 0.773934,
            "p(90)": 0
        },
        "http_req_waiting": {
            "avg": 605.9977969584596,
            "min": 2.790752,
            "med": 281.6903135,
            "max": 3658.789826,
            "p(90)": 1500.7978589,
            "p(95)": 1686.5364349499996
        },
        "checks": {
            "passes": 2672,
            "fails": 0,
            "value": 1
        },
        "data_sent": {
            "count": 1715098,
            "rate": 14253.711773097964
        },
        "vus_max": {
            "value": 50,
            "min": 50,
            "max": 50
        },
        "iterations": {
            "rate": 11.103131674609195,
            "count": 1336
        },
        "http_req_sending": {
            "p(90)": 0.0312953,
            "p(95)": 0.03978454999999999,
            "avg": 0.020398778255987987,
            "min": 0.002797,
            "med": 0.017827500000000003,
            "max": 0.867931
        },
        "http_req_failed": {
            "passes": 0,
            "fails": 5344,
            "thresholds": {
                "rate<0.01": false
            },
            "value": 0
        }
    }
}