{
    "root_group": {
        "path": "",
        "id": "d41d8cd98f00b204e9800998ecf8427e",
        "groups": {},
        "checks": {
                "signup": {
                    "name": "signup",
                    "path": "::signup",
                    "id": "75bc7e704495d6aceb1d75eb785fd004",
                    "passes": 1386,
                    "fails": 0
                },
                "login": {
                    "id": "a7d10b3a6c9a385ee254f0dbc7f9c8c9",
                    "passes": 0,
                    "fails": 1386,
                    "name": "login",
                    "path": "::login"
                },
                "session": {
                    "path": "::session",
                    "id": "bed312241476e669f5a5a51e45911896",
                    "passes": 1386,
                    "fails": 0,
                    "name": "session"
                }
            },
        "name": ""
    },
    "metrics": {
        "iteration_duration": {
            "med": 1385.5826245,
            "max": 1538.125829,
            "p(90)": 1490.663487,
            "p(95)": 1498.0466729999998,
            "avg": 1317.3911080129892,
            "min": 1089.778292
        },
        "http_req_tls_handshaking": {
            "p(95)": 0,
            "avg": 0,
            "min": 0,
            "med": 0,
            "max": 0,
            "p(90)": 0
        },
        "http_req_duration": {
            "avg": 105.4724010707073,
            "min": 0.80058,
            "med": 18.925748,
            "max": 532.02865,
            "p(90)": 427.35296650000004,
            "p(95)": 443.6587866499999,
            "thresholds": {
                "p(95)<2000": false
            }
        },
        "http_req_sending": {
            "avg": 0.01891413612313606,
            "min": 0.002369,
            "med": 0.0157605,
            "max": 0.203347,
            "p(90)": 0.03189720000000001,
            "p(95)": 0.042819
        },
        "data_sent": {
            "count": 1116202,
            "rate": 9283.816747840716
        },
        "http_req_waiting": {
            "p(95)": 443.53931409999996,
            "avg": 105.39707958080821,
            "min": 0.75911,
            "med": 18.8418675,
            "max": 531.936906,
            "p(90)": 427.30758340000006
        },
        "iterations": {
            "count": 1386,
            "rate": 11.527814869089315
        },
        "http_req_receiving": {
            "med": 0.0538695,
            "max": 1.124182,
            "p(90)": 0.0838909,
            "p(95)": 0.09892499999999999,
            "avg": 0.05640735377585383,
            "min": 0.008081
        },
        "vus": {
            "value": 1,
            "min": 1,
            "max": 20
        },
        "vus_max": {
            "value": 20,
            "min": 20,
            "max": 20
        },
        "http_req_failed": {
            "passes": 1386,
            "fails": 2772,
            "thresholds": {
                "rate<0.05": true
            },
            "value": 0.3333333333333333
        },
        "checks": {
            "passes": 2772,
            "fails": 1386,
            "value": 0.6666666666666666
        },
        "http_req_blocked": {
            "med": 0.004129,
            "max": 0.800702,
            "p(90)": 0.008298800000000002,
            "p(95)": 0.010542899999999997,
            "avg": 0.0070010339105339185,
            "min": 0.000565
        },
        "data_received": {
            "count": 2580298,
            "rate": 21461.18156643681
        },
        "http_req_connecting": {
            "p(95)": 0,
            "avg": 0.0013425716690716692,
            "min": 0,
            "med": 0,
            "max": 0.591145,
            "p(90)": 0
        },
        "http_req_duration{expected_response:true}": {
            "avg": 154.48467636183292,
            "min": 2.0889,
            "med": 86.29395199999999,
            "max": 532.02865,
            "p(90)": 436.7101809,
            "p(95)": 451.54250989999997
        },
        "http_reqs": {
            "count": 4158,
            "rate": 34.58344460726794
        }
    }
}