{
    "root_group": {
        "groups": {
            "zones": {
                "groups": {},
                "checks": {
                        "list zones": {
                            "name": "list zones",
                            "path": "::zones::list zones",
                            "id": "8bcfc9da2da2ca402dbc44590cc36bd9",
                            "passes": 0,
                            "fails": 3245
                        },
                        "create zone": {
                            "name": "create zone",
                            "path": "::zones::create zone",
                            "id": "b3c4d70c5fcaa7bd6870e36a352661f9",
                            "passes": 0,
                            "fails": 3245
                        }
                    },
                "name": "zones",
                "path": "::zones",
                "id": "5770d065d792ee3fa2d223195d546bbe"
            }
        },
        "checks": {},
        "name": "",
        "path": "",
        "id": "d41d8cd98f00b204e9800998ecf8427e"
    },
    "metrics": {
        "http_req_receiving": {
            "med": 0.061002,
            "max": 2.030433,
            "p(90)": 0.0933596,
            "p(95)": 0.1085053,
            "avg": 0.06679030498202408,
            "min": 0.009164
        },
        "iteration_duration": {
            "med": 1491.767481,
            "max": 4006.790914,
            "p(90)": 1566.3214464,
            "p(95)": 1591.8341212,
            "avg": 1400.597750192912,
            "min": 1065.434947
        },
        "http_req_duration": {
            "avg": 133.16583122136643,
            "min": 0.233881,
            "med": 0.925643,
            "max": 3004.079501,
            "p(90)": 521.0059116,
            "p(95)": 546.5913204999999,
            "thresholds": {
                "p(95)<1000": false
            }
        },
        "http_req_waiting": {
            "p(95)": 546.4984385,
            "avg": 133.07675798079072,
            "min": 0.208069,
            "med": 0.836505,
            "max": 3003.974514,
            "p(90)": 520.911746
        },
        "http_reqs": {
            "count": 9735,
            "rate": 80.72608117588472
        },
        "http_req_blocked": {
            "max": 1.359637,
            "p(90)": 0.0077172000000000004,
            "p(95)": 0.009033999999999993,
            "avg": 0.007357840164355364,
            "min": 0.001156,
            "med": 0.005179
        },
        "vus": {
            "value": 2,
            "min": 2,
            "max": 50
        },
        "checks": {
            "passes": 0,
            "fails": 6490,
            "value": 0
        },
        "data_sent": {
            "count": 1906445,
            "rate": 15808.919756277302
        },
        "data_received": {
            "count": 4075720,
            "rate": 33797.3193189704
        },
        "iterations": {
            "rate": 26.908693725294906,
            "count": 3245
        },
        "http_req_tls_handshaking": {
            "avg": 0,
            "min": 0,
            "med": 0,
            "max": 0,
            "p(90)": 0,
            "p(95)": 0
        },
        "vus_max": {
            "min": 50,
            "max": 50,
            "value": 50
        },
        "http_req_failed": {
            "passes": 9735,
            "fails": 0,
            "thresholds": {
                "rate<0.01": true
            },
            "value": 1
        },
        "http_req_connecting": {
            "avg": 0.0011490887519260398,
            "min": 0,
            "med": 0,
            "max": 0.449016,
            "p(90)": 0,
            "p(95)": 0
        },
        "http_req_sending": {
            "p(90)": 0.0304982,
            "p(95)": 0.03607729999999999,
            "avg": 0.02228293559322034,
            "min": 0.003606,
            "med": 0.020198,
            "max": 0.480886
        },
        "group_duration": {
            "med": 491.415216,
            "max": 3006.178885,
            "p(90)": 565.6240014,
            "p(95)": 591.1707415999999,
            "avg": 399.96775096178715,
            "min": 64.895631
        }
    }
}