{
    "metrics": {
        "http_req_failed": {
            "fails": 13272,
            "passes": 3318,
            "thresholds": {
                "rate<0.02": true
            },
            "value": 0.2
        },
        "http_req_receiving": {
            "max": 126.339335,
            "p(90)": 0.7003559,
            "p(95)": 1.167912999999997,
            "avg": 0.5297876198915001,
            "min": 0.02468,
            "med": 0.2872305
        },
        "http_reqs": {
            "count": 16590,
            "rate": 78.63658312283096
        },
        "http_req_duration": {
            "min": 1.082238,
            "med": 83.557413,
            "max": 1358.531963,
            "p(90)": 214.7282401,
            "p(95)": 285.68860359999985,
            "avg": 100.29908573948201,
            "thresholds": {
                "p(95)<1500": false
            }
        },
        "iteration_duration": {
            "p(90)": 1874.7246811000002,
            "p(95)": 2113.9584750499994,
            "avg": 1503.903094980713,
            "min": 1169.10044,
            "med": 1395.34977,
            "max": 3061.757128
        },
        "http_req_connecting": {
            "med": 0,
            "max": 40.271509,
            "p(90)": 0.1937721,
            "p(95)": 0.23371249999999988,
            "avg": 0.06108741127185044,
            "min": 0
        },
        "http_req_duration{expected_response:true}": {
            "p(95)": 293.84515759999994,
            "avg": 98.2907760903407,
            "min": 1.082238,
            "med": 87.7624335,
            "max": 1358.531963,
            "p(90)": 216.5043845999999
        },
        "http_req_blocked": {
            "p(95)": 0.3201794999999999,
            "avg": 0.08334928583483979,
            "min": 0.001686,
            "med": 0.006332,
            "max": 40.33492,
            "p(90)": 0.26711080000000004
        },
        "http_req_tls_handshaking": {
            "avg": 0,
            "min": 0,
            "med": 0,
            "max": 0,
            "p(90)": 0,
            "p(95)": 0
        },
        "checks": {
            "passes": 6636,
            "fails": 3318,
            "value": 0.6666666666666666
        },
        "vus_max": {
            "value": 30,
            "min": 30,
            "max": 30
        },
        "http_req_sending": {
            "avg": 0.036480839059674516,
            "min": 0.00626,
            "med": 0.024179,
            "max": 24.43844,
            "p(90)": 0.04836360000000001,
            "p(95)": 0.05926239999999999
        },
        "http_req_waiting": {
            "avg": 99.73281728053048,
            "min": 0.914071,
            "med": 83.08112,
            "max": 1356.835983,
            "p(90)": 213.91981690000003,
            "p(95)": 284.48985135
        },
        "data_received": {
            "count": 10233266,
            "rate": 48505.67042959854
        },
        "iterations": {
            "rate": 15.72731662456619,
            "count": 3318
        },
        "group_duration": {
            "min": 168.410708,
            "med": 394.719436,
            "max": 2060.654268,
            "p(90)": 870.9457795000006,
            "p(95)": 1113.1740017499994,
            "avg": 502.8076107854135
        },
        "vus": {
            "value": 2,
            "min": 1,
            "max": 30
        },
        "data_sent": {
            "count": 4149629,
            "rate": 19669.237238541886
        }
    },
    "root_group": {
        "groups": {
            "mixed": {
                "name": "mixed",
                "path": "::mixed",
                "id": "6c062c1d35030ad0930423ea69bf8997",
                "groups": {},
                "checks": {
                        "read zones": {
                            "path": "::mixed::read zones",
                            "id": "83eca54c68738fa5b2da63591126be16",
                            "passes": 0,
                            "fails": 3318,
                            "name": "read zones"
                        },
                        "read reports": {
                            "name": "read reports",
                            "path": "::mixed::read reports",
                            "id": "5f107f0af689f59db64695fed37285e4",
                            "passes": 3318,
                            "fails": 0
                        },
                        "write": {
                            "name": "write",
                            "path": "::mixed::write",
                            "id": "879f2d12201329d59717c0e34d6823e6",
                            "passes": 3318,
                            "fails": 0
                        }
                    }
            }
        },
        "checks": {},
        "name": "",
        "path": "",
        "id": "d41d8cd98f00b204e9800998ecf8427e"
    }
}