{
    "metrics": {
        "data_sent": {
            "count": 1078752,
            "rate": 8989.482994911972
        },
        "http_req_duration{expected_response:true}": {
            "avg": 86.17224104712632,
            "min": 1.121566,
            "med": 114.0129005,
            "max": 663.690932,
            "p(90)": 141.45212039999998,
            "p(95)": 152.4632259
        },
        "http_req_waiting": {
            "med": 113.767187,
            "max": 661.269902,
            "p(90)": 141.2189805,
            "p(95)": 152.18924655000004,
            "avg": 85.88427289034499,
            "min": 0.961863
        },
        "http_req_duration": {
            "avg": 86.17224104712632,
            "min": 1.121566,
            "med": 114.0129005,
            "max": 663.690932,
            "p(90)": 141.45212039999998,
            "p(95)": 152.4632259,
            "thresholds": {
                "p(95)<2000": false
            }
        },
        "vus_max": {
            "value": 20,
            "min": 20,
            "max": 20
        },
        "http_req_failed": {
            "passes": 0,
            "fails": 4350,
            "thresholds": {
                "rate<0.05": false
            },
            "value": 0
        },
        "data_received": {
            "count": 2998954,
            "rate": 24990.958056646232
        },
        "http_reqs": {
            "count": 4350,
            "rate": 36.2495281842973
        },
        "http_req_tls_handshaking": {
            "max": 0,
            "p(90)": 0,
            "p(95)": 0,
            "avg": 0,
            "min": 0,
            "med": 0
        },
        "iteration_duration": {
            "p(90)": 1290.7682166000002,
            "p(95)": 1331.5699831,
            "avg": 1259.6249115544822,
            "min": 1153.016013,
            "med": 1250.102588,
            "max": 1960.711573
        },
        "http_req_receiving": {
            "avg": 0.266155780459771,
            "min": 0.028261,
            "med": 0.2380435,
            "max": 5.124472,
            "p(90)": 0.34403419999999996,
            "p(95)": 0.43059155000000016
        },
        "vus": {
            "value": 1,
            "min": 1,
            "max": 20
        },
        "http_req_sending": {
            "max": 0.458083,
            "p(90)": 0.031394399999999996,
            "p(95)": 0.03943765,
            "avg": 0.02181237632183919,
            "min": 0.005086,
            "med": 0.019278999999999998
        },
        "checks": {
            "passes": 4350,
            "fails": 0,
            "value": 1
        },
        "http_req_connecting": {
            "med": 0,
            "max": 0.541399,
            "p(90)": 0,
            "p(95)": 0,
            "avg": 0.002331743908045978,
            "min": 0
        },
        "iterations": {
            "count": 1450,
            "rate": 12.083176061432432
        },
        "http_req_blocked": {
            "p(90)": 0.0077473,
            "p(95)": 0.009726350000000003,
            "avg": 0.008841049425287364,
            "min": 0.001623,
            "med": 0.0051235,
            "max": 0.685766
        }
    },
    "root_group": {
        "name": "",
        "path": "",
        "id": "d41d8cd98f00b204e9800998ecf8427e",
        "groups": {},
        "checks": {
                "signup": {
                    "name": "signup",
                    "path": "::signup",
                    "id": "75bc7e704495d6aceb1d75eb785fd004",
                    "passes": 1450,
                    "fails": 0
                },
                "login": {
                    "name": "login",
                    "path": "::login",
                    "id": "a7d10b3a6c9a385ee254f0dbc7f9c8c9",
                    "passes": 1450,
                    "fails": 0
                },
                "session": {
                    "id": "bed312241476e669f5a5a51e45911896",
                    "passes": 1450,
                    "fails": 0,
                    "name": "session",
                    "path": "::session"
                }
            }
    }
}