{
    "root_group": {
        "groups": {
            "zones": {
                "name": "zones",
                "path": "::zones",
                "id": "5770d065d792ee3fa2d223195d546bbe",
                "groups": {},
                "checks": {
                        "list zones": {
                            "name": "list zones",
                            "path": "::zones::list zones",
                            "id": "8bcfc9da2da2ca402dbc44590cc36bd9",
                            "passes": 1,
                            "fails": 2374
                        },
                        "create zone": {
                            "id": "b3c4d70c5fcaa7bd6870e36a352661f9",
                            "passes": 2375,
                            "fails": 0,
                            "name": "create zone",
                            "path": "::zones::create zone"
                        }
                    }
            }
        },
        "checks": {},
        "name": "",
        "path": "",
        "id": "d41d8cd98f00b204e9800998ecf8427e"
    },
    "metrics": {
        "http_req_blocked": {
            "avg": 0.12739397494736818,
            "min": 0.000877,
            "med": 0.0069895,
            "max": 74.058143,
            "p(90)": 0.30433370000000004,
            "p(95)": 0.3946363499999999
        },
        "http_req_failed": {
            "passes": 2374,
            "fails": 7126,
            "thresholds": {
                "rate<0.01": true
            },
            "value": 0.24989473684210525
        },
        "iterations": {
            "rate": 19.785680608091972,
            "count": 2375
        },
        "http_req_connecting": {
            "min": 0,
            "med": 0,
            "max": 73.966651,
            "p(90)": 0.2288621,
            "p(95)": 0.2989812,
            "avg": 0.09962776673684208
        },
        "checks": {
            "passes": 2376,
            "fails": 2374,
            "value": 0.5002105263157894
        },
        "vus": {
            "min": 1,
            "max": 50,
            "value": 1
        },
        "data_received": {
            "count": 6411110,
            "rate": 53409.757811934534
        },
        "http_req_receiving": {
            "max": 52.634155,
            "p(90)": 1.4642586000000013,
            "p(95)": 3.4661405999999992,
            "avg": 0.8121421665263212,
            "min": 0.024041,
            "med": 0.31453549999999997
        },
        "http_req_duration": {
            "max": 1734.165059,
            "p(90)": 608.2941891,
            "p(95)": 800.2370297499998,
            "avg": 228.61561294726272,
            "min": 2.875297,
            "med": 145.7368265,
            "thresholds": {
                "p(95)<1000": false
            }
        },
        "http_req_duration{expected_response:true}": {
            "avg": 271.06435746154864,
            "min": 6.357511,
            "med": 172.116778,
            "max": 1734.165059,
            "p(90)": 692.6445075,
            "p(95)": 868.0071805
        },
        "iteration_duration": {
            "avg": 1916.823193619793,
            "min": 1166.530058,
            "med": 1933.722477,
            "max": 3127.12068,
            "p(90)": 2569.0233559999997,
            "p(95)": 2689.1690382999996
        },
        "http_reqs": {
            "count": 9500,
            "rate": 79.14272243236789
        },
        "http_req_waiting": {
            "avg": 227.76322575084208,
            "min": 2.634214,
            "med": 145.13714549999997,
            "max": 1733.916107,
            "p(90)": 607.2068587000001,
            "p(95)": 799.0454473499999
        },
        "data_sent": {
            "count": 2628982,
            "rate": 21901.557126914882
        },
        "http_req_tls_handshaking": {
            "avg": 0,
            "min": 0,
            "med": 0,
            "max": 0,
            "p(90)": 0,
            "p(95)": 0
        },
        "group_duration": {
            "avg": 915.7512497040004,
            "min": 165.532036,
            "med": 933.120453,
            "max": 2125.232214,
            "p(90)": 1568.1659855999999,
            "p(95)": 1688.8171537999995
        },
        "vus_max": {
            "value": 50,
            "min": 50,
            "max": 50
        },
        "http_req_sending": {
            "avg": 0.04024502989473687,
            "min": 0.00354,
            "med": 0.025766,
            "max": 10.468697,
            "p(90)": 0.061419600000000005,
            "p(95)": 0.07407729999999998
        }
    }
}